2ed968,::1,GET,http://localhost:8888/index_dev.php/,1494501727,,200
d0621d,::1,GET,http://localhost:8888/index_dev.php/ateliers/inscription,1494501733,,200
b9b3c1,::1,GET,http://localhost:8888/index_dev.php/ateliers,1494501736,,200
6b05e3,::1,GET,http://localhost:8888/index_dev.php/faq,1494501740,,200
208609,::1,GET,http://localhost:8888/index_dev.php/contact,1494501741,,200
4ca08d,::1,GET,http://localhost:8888/index_dev.php/ateliers,1494501746,,200
6f6d02,::1,GET,http://localhost:8888/index_dev.php/ateliers/inscription,1494501754,,200
606c36,::1,GET,http://localhost:8888/index_dev.php/,1494501767,,200
7ebcf3,::1,GET,http://localhost:8888/index_dev.php/ateliers/inscription,1494501779,,200
7a2ec3,::1,GET,http://localhost:8888/index_dev.php/faq,1494501781,,200
